Workbook

Sheet Instructions
A1: Clinician verification of the automated extraction (LMIC-CRIS)
A3: Purpose: check whether the automated rules classified the pathology diagnosis and extracted prostate volume correctly. 50 records were drawn at random (seed 42) from the 203 valid records, including records excluded for no definitive histology.
A5: How to complete the Records sheet (yellow cells only):
A6: 1. Read the diagnosis text and decide the class, WITHOUT looking at the automated class first if possible: malignant, benign, or no definitive histology.
A7: Malignant: the primary diagnosis names carcinoma, adenocarcinoma, sarcoma or malignancy. Benign: hyperplasia, prostatitis or benign tissue. No definitive histology: inadequate, uncertain, suspicious or query diagnosis.
A8: Advisory notes (NB) such as 'repeat biopsy if malignancy is suspected' should not make a benign diagnosis malignant.
A9: 2. Read the imaging text and enter the prostate volume in mL (cm3 is equal to mL). Type 'none' if no volume is stated. Areas in cm2 are not volumes.
A10: 3. Use the Comment column for anything unclear.
A12: The Agreement sheet calculates agreement, kappa and a list of disagreements automatically.
A13: Source row numbers are Excel row numbers in df.xlsx. No patient names are included.
A14: Return the completed workbook so the analysis can be updated if any rule needs correcting.

Sheet Records
A1: source_row | B1: diagnosis_text | C1: imaging_text | D1: automated_class | E1: automated_volume_ml | F1: clinician_class | G1: clinician_volume_ml | H1: class_agrees | I1: volume_agrees | J1: comment
A2: 25 | B2: NODULAR HYPERPLASIA | C2: Vol enlarged, 150ml | D2: benign | E2: 150 | H2: =IF(F2="","",IF(F2=D2,"yes","no")) | I2: =IF(F2="","",IFERROR(IF(AND(E2="",G2="none"),"yes",IF(OR(E2="",G2="none"),"no",IF(ABS(E2-G2)<=0.5,"yes","no"))),"check"))
A3: 40 | B3: NODULAR HYPERPLASIA | C3: Enlarged, vol. 40.4ml | D3: benign | E3: 40.4 | H3: =IF(F3="","",IF(F3=D3,"yes","no")) | I3: =IF(F3="","",IFERROR(IF(AND(E3="",G3="none"),"yes",IF(OR(E3="",G3="none"),"no",IF(ABS(E3-G3)<=0.5,"yes","no"))),"check"))
A4: 42 | B4: NODULAR HYPERPLASIA | C4: 38.8cm3 | D4: benign | E4: 38.8 | H4: =IF(F4="","",IF(F4=D4,"yes","no")) | I4: =IF(F4="","",IFERROR(IF(AND(E4="",G4="none"),"yes",IF(OR(E4="",G4="none"),"no",IF(ABS(E4-G4)<=0.5,"yes","no"))),"check"))
A5: 46 | B5: NODULAR HYPERPLASIA | C5: 59.0ml | D5: benign | E5: 59 | H5: =IF(F5="","",IF(F5=D5,"yes","no")) | I5: =IF(F5="","",IFERROR(IF(AND(E5="",G5="none"),"yes",IF(OR(E5="",G5="none"),"no",IF(ABS(E5-G5)<=0.5,"yes","no"))),"check"))
A6: 48 | B6: NODULAR HYPERPLASIA IN A BACKGROUND OF CHRONIC PROSTATITIS NB: If malignancy is strongly suspected, a repeat biopsy is advised. | C6: ENLARGED, 125ml | D6: benign | E6: 125 | H6: =IF(F6="","",IF(F6=D6,"yes","no")) | I6: =IF(F6="","",IFERROR(IF(AND(E6="",G6="none"),"yes",IF(OR(E6="",G6="none"),"no",IF(ABS(E6-G6)<=0.5,"yes","no"))),"check"))
A7: 59 | B7: NODULAR HYPERPLASIA (Prostate tru-cut biopsy) NB: Sample shows predominant stroma hyperplasia with glandular elements on only 2 out of the 6 strands. Thank you. | C7: Enlarged, 46.1ml | D7: benign | E7: 46.1 | H7: =IF(F7="","",IF(F7=D7,"yes","no")) | I7: =IF(F7="","",IFERROR(IF(AND(E7="",G7="none"),"yes",IF(OR(E7="",G7="none"),"no",IF(ABS(E7-G7)<=0.5,"yes","no"))),"check"))
A8: 69 | B8: NODULAR HYPERPLASIA | C8: enlarged, 112ml | D8: benign | E8: 112 | H8: =IF(F8="","",IF(F8=D8,"yes","no")) | I8: =IF(F8="","",IFERROR(IF(AND(E8="",G8="none"),"yes",IF(OR(E8="",G8="none"),"no",IF(ABS(E8-G8)<=0.5,"yes","no"))),"check"))
A9: 72 | B9: NODULAR HYPERPLASIA | C9: enlarged, 112ml | D9: benign | E9: 112 | H9: =IF(F9="","",IF(F9=D9,"yes","no")) | I9: =IF(F9="","",IFERROR(IF(AND(E9="",G9="none"),"yes",IF(OR(E9="",G9="none"),"no",IF(ABS(E9-G9)<=0.5,"yes","no"))),"check"))
A10: 104 | B10: NODULAR HYPERPLASIA + CHRONIC PROSTATITIS NB: A repeat biopsy is advised as a result of high PSA please. | C10: Enlarged, Vol. 453.8ml | D10: benign | E10: 453.8 | H10: =IF(F10="","",IF(F10=D10,"yes","no")) | I10: =IF(F10="","",IFERROR(IF(AND(E10="",G10="none"),"yes",IF(OR(E10="",G10="none"),"no",IF(ABS(E10-G10)<=0.5,"yes","no"))),"check"))
A11: 123 | B11: ADENOCARCINOMA (GLEASON SCORE 4+4 = 8) (Prostate biopsy) | C11: Enlarged, vol 158.6ml | D11: malignant | E11: 158.6 | H11: =IF(F11="","",IF(F11=D11,"yes","no")) | I11: =IF(F11="","",IFERROR(IF(AND(E11="",G11="none"),"yes",IF(OR(E11="",G11="none"),"no",IF(ABS(E11-G11)<=0.5,"yes","no"))),"check"))
A12: 140 | B12: ADENOCARCINOMA OF PROSTATE (Gleason Score 5+3 = 8/10) (Prostatic core biopsy) | C12: 14.2ml | D12: malignant | E12: 14.2 | H12: =IF(F12="","",IF(F12=D12,"yes","no")) | I12: =IF(F12="","",IFERROR(IF(AND(E12="",G12="none"),"yes",IF(OR(E12="",G12="none"),"no",IF(ABS(E12-G12)<=0.5,"yes","no"))),"check"))
A13: 141 | B13: ADENOCARCINOMA (COMBINED GLEASON SCORE 4 + 3 = 7/10) | C13: 128ml | D13: malignant | E13: 128 | H13: =IF(F13="","",IF(F13=D13,"yes","no")) | I13: =IF(F13="","",IFERROR(IF(AND(E13="",G13="none"),"yes",IF(OR(E13="",G13="none"),"no",IF(ABS(E13-G13)<=0.5,"yes","no"))),"check"))
... A27: 202 | B27: ADENOCARCINOMA (GLEASON SCORE 4+3 = 7/10) (Prostate tru-cut biopsy) | C27: 117ml, ENLARGED | D27: malignant | E27: 117 | H27: =IF(F27="","",IF(F27=D27,"yes","no")) | I27: =IF(F27="","",IFERROR(IF(AND(E27="",G27="none"),"yes",IF(OR(E27="",G27="none"),"no",IF(ABS(E27-G27)<=0.5,"yes","no"))),"check"))
A28: 203 | B28: PROSTATIC ADENOCARCINOMA (GLEASON SCORE 3+4 = 7/10) | C28: ENLARGED | D28: malignant | H28: =IF(F28="","",IF(F28=D28,"yes","no")) | I28: =IF(F28="","",IFERROR(IF(AND(E28="",G28="none"),"yes",IF(OR(E28="",G28="none"),"no",IF(ABS(E28-G28)<=0.5,"yes","no"))),"check"))
A29: 207 | B29: ADENOCARCINOMA (GLEASON SCORE 3+3 = 6/10) (Prostatic tru-cut biopsy specimen) | C29: Enlarged prostate, Vol. 92.9ml | D29: malignant | E29: 92.9 | H29: =IF(F29="","",IF(F29=D29,"yes","no")) | I29: =IF(F29="","",IFERROR(IF(AND(E29="",G29="none"),"yes",IF(OR(E29="",G29="none"),"no",IF(ABS(E29-G29)<=0.5,"yes","no"))),"check"))
A30: 212 | B30: NODULAR HYPERPLASIA (Prostate trucut biopsy) | C30: Enlarged, vol 47.7ml | D30: benign | E30: 47.7 | H30: =IF(F30="","",IF(F30=D30,"yes","no")) | I30: =IF(F30="","",IFERROR(IF(AND(E30="",G30="none"),"yes",IF(OR(E30="",G30="none"),"no",IF(ABS(E30-G30)<=0.5,"yes","no"))),"check"))
A31: 232 | B31: PROSTATE ADENOCARCINOMA (GLEASON SCORE 3+3 = 6/10) | C31: Enlarged, 45ml | D31: malignant | E31: 45 | H31: =IF(F31="","",IF(F31=D31,"yes","no")) | I31: =IF(F31="","",IFERROR(IF(AND(E31="",G31="none"),"yes",IF(OR(E31="",G31="none"),"no",IF(ABS(E31-G31)<=0.5,"yes","no"))),"check"))
A32: 237 | B32: NODULAR HYPERPLASIA | C32: ENLARGED, 74ml | D32: benign | E32: 74 | H32: =IF(F32="","",IF(F32=D32,"yes","no")) | I32: =IF(F32="","",IFERROR(IF(AND(E32="",G32="none"),"yes",IF(OR(E32="",G32="none"),"no",IF(ABS(E32-G32)<=0.5,"yes","no"))),"check"))
A33: 248 | B33: NODULAR HYPERPLASIA (PREDOMINANT FIBROMUSCULAR HYPERPLASIA) | C33: 45.62ml | D33: benign | E33: 45.62 | H33: =IF(F33="","",IF(F33=D33,"yes","no")) | I33: =IF(F33="","",IFERROR(IF(AND(E33="",G33="none"),"yes",IF(OR(E33="",G33="none"),"no",IF(ABS(E33-G33)<=0.5,"yes","no"))),"check"))
A34: 250 | B34: NODULAR HYPERPLASIA PLUS CHRONIC PROSTATITIS | C34: Enlarged, vol. 51ml | D34: benign | E34: 51 | H34: =IF(F34="","",IF(F34=D34,"yes","no")) | I34: =IF(F34="","",IFERROR(IF(AND(E34="",G34="none"),"yes",IF(OR(E34="",G34="none"),"no",IF(ABS(E34-G34)<=0.5,"yes","no"))),"check"))
A35: 251 | B35: PROSTATIC ADENOCARCINOMA (Gleason Score 5+4 = 9/10) | C35: enlarged, 60.9ml | D35: malignant | E35: 60.9 | H35: =IF(F35="","",IF(F35=D35,"yes","no")) | I35: =IF(F35="","",IFERROR(IF(AND(E35="",G35="none"),"yes",IF(OR(E35="",G35="none"),"no",IF(ABS(E35-G35)<=0.5,"yes","no"))),"check"))
A36: 263 | B36: ADENOCARCINOMA OF PROSTATE(Gleason Score 5+4=9/10) | C36: ENLARGED, 62ml | D36: malignant | E36: 62 | H36: =IF(F36="","",IF(F36=D36,"yes","no")) | I36: =IF(F36="","",IFERROR(IF(AND(E36="",G36="none"),"yes",IF(OR(E36="",G36="none"),"no",IF(ABS(E36-G36)<=0.5,"yes","no"))),"check"))
A37: 267 | B37: PROSTATIC ADENOCARCINOMA (Gleason Score 5+4 = 9/10) | C37: enlarged, 60.9ml | D37: malignant | E37: 60.9 | H37: =IF(F37="","",IF(F37=D37,"yes","no")) | I37: =IF(F37="","",IFERROR(IF(AND(E37="",G37="none"),"yes",IF(OR(E37="",G37="none"),"no",IF(ABS(E37-G37)<=0.5,"yes","no"))),"check"))
A38: 271 | B38: ADENOCARCINOMA (Gleason Score 5+4=9) (prostatic tru-cut biopsy) | C38: enlarged, vol.53.1ml | D38: malignant | E38: 53.1 | H38: =IF(F38="","",IF(F38=D38,"yes","no")) | I38: =IF(F38="","",IFERROR(IF(AND(E38="",G38="none"),"yes",IF(OR(E38="",G38="none"),"no",IF(ABS(E38-G38)<=0.5,"yes","no"))),"check"))
A39: 273 | B39: NODULAR HYPERPLASIA | C39: 60ml | D39: benign | E39: 60 | H39: =IF(F39="","",IF(F39=D39,"yes","no")) | I39: =IF(F39="","",IFERROR(IF(AND(E39="",G39="none"),"yes",IF(OR(E39="",G39="none"),"no",IF(ABS(E39-G39)<=0.5,"yes","no"))),"check"))
A40: 295 | B40: PROSTATIC INTRAEPITHELIAL NEOPLASIA (PIN) (Prostate tru-cut biopsy) NB: A repeat biopsy is advised as tissue cores are few and very short. Tissue may not be representative of suspected lesion. | C40: Enlarged, vol155ml | D40: no definitive histology | E40: 155 | H40: =IF(F40="","",IF(F40=D40,"yes","no")) | I40: =IF(F40="","",IFERROR(IF(AND(E40="",G40="none"),"yes",IF(OR(E40="",G40="none"),"no",IF(ABS(E40-G40)<=0.5,"yes","no"))),"check"))
... A51: 345 | B51: INADEQUATE FOR HISTOLOGIC DIAGNOSIS NB: Kindly repeat bipsy to be processed with same laboratory number at no extra cost to patient. | C51: 83ml, ENLARGED | D51: no definitive histology | E51: 83 | H51: =IF(F51="","",IF(F51=D51,"yes","no")) | I51: =IF(F51="","",IFERROR(IF(AND(E51="",G51="none"),"yes",IF(OR(E51="",G51="none"),"no",IF(ABS(E51-G51)<=0.5,"yes","no"))),"check"))

Sheet Agreement
A1: Agreement summary (calculated from the Records sheet)
A2: Measure | B2: Value
A3: Records reviewed | B3: =COUNTA(Records!F2:F51) -> 0
A4: Class: records in agreement | B4: =COUNTIF(Records!H2:H51,"yes") -> 0
A5: Class: percent agreement | B5: =IF(B3=0,"",B4/B3)
A6: Class: expected agreement by chance | B6: =IF(B3=0,"",(COUNTIF(Records!D2:D51,"malignant")*COUNTIF(Records!F2:F51,"malignant")+COUNTIF(Records!D2:D51,"benign")*COUNTIF(Records!F2:F51,"benign")+COUNTIF(Records!D2:D51,"no definitive histology")*COUNTIF(Records!F2:F51,"no definitive histology"))/B3^2)
A7: Class: Cohen's kappa | B7: =IF(B3=0,"",IFERROR((B5-B6)/(1-B6),""))
A8: Volume: records reviewed | B8: =COUNTIF(Records!I2:I51,"yes")+COUNTIF(Records!I2:I51,"no")+COUNTIF(Records!I2:I51,"check") -> 0
A9: Volume: records in agreement (within 0.5 mL, or both absent) | B9: =COUNTIF(Records!I2:I51,"yes") -> 0
A10: Volume: percent agreement | B10: =IF(B8=0,"",B9/B8)
A11: Class disagreements to review | B11: =COUNTIF(Records!H2:H51,"no") -> 0
A12: Volume disagreements to review | B12: =COUNTIF(Records!I2:I51,"no") -> 0
A14: Disagreements: filter the Records sheet on class_agrees or volume_agrees equal to "no".
